id;email
1;nicolas.henry@cpnv.ch
2;alexandre.junod@cpnv.ch
3;orland61@example.org
4;ofelia45@example.org
5;ualtenwerth@example.net
6;ubarrows@example.org
7;ledner.clemmie@example.net
8;ted.macejkovic@example.org
9;electa.bednar@example.com
10;wschamberger@example.org
11;karlee38@example.com
12;jace.gutkowski@example.org
13;welch.cortez@example.net
14;mlang@example.com
15;rodrick85@example.com
16;yost.maryjane@example.com
17;harris.lera@example.net
18;utorp@example.net
19;baby74@example.org
20;felicita.vonrueden@example.com
21;dayne.crist@example.org
22;qreinger@example.com
23;ricky57@example.net
24;yost.haylie@example.org
25;wking@example.com
26;hstoltenberg@example.org
27;trevion.mayert@example.net
28;dixie61@example.net
29;lucienne.legros@example.net
30;oroob@example.com
31;ruthe11@example.org
32;paul.cartwright@example.org